566762,8,1.75338530980714,4273
6659437,13,2.3427741466957155,3226
289395301,44,26.338028169014084,1870
4847077,12,2.810902896081772,1650
153828974,19,5.322274881516588,1123
354378600,24,7.482758620689655,1085
5885516,10,2.403076923076923,781
478821,6,2.3689024390243905,777
1365048,9,2.1353591160220993,773
161036658,6,1.796116504854369,740
58863239,8,1.660332541567696,699
363766343,20,6.18348623853211,674
89393869,6,2.0251572327044025,644
525386,8,2.681614349775785,598
826608,7,2.4310344827586206,564
5228801,7,1.9492753623188406,538
373383,11,2.54040404040404,503
300654317,13,3.944,493
104207,6,1.9828326180257512,462
199715535,12,3.5950413223140494,435
120469193,14,4.706521739130435,433
365139185,21,16.076923076923077,418
175725691,6,2.3254437869822486,393
5690434,9,2.6382978723404253,372
290098795,19,2.8833333333333333,346
342330453,13,3.4408602150537635,320
45790486,8,2.457627118644068,290
21612935,5,1.569060773480663,284
368107,13,6.454545454545454,284
214409636,24,3.551282051282051,277
34222116,6,1.9424460431654675,270
1177655,15,7.7272727272727275,255
241956107,7,2.247787610619469,254
288328730,11,7.4411764705882355,253
10367407,10,2.0330578512396693,246
403019699,7,2.8,224
3964083,6,2.4395604395604398,222
1770690,6,2.7974683544303796,221
414820041,5,2.2903225806451615,213
32940222,6,3.4745762711864407,205
378268,5,1.9607843137254901,200
28817642,10,4.488372093023256,193
298912,7,2.546666666666667,191
24147,8,2.44,183
239890900,13,10.647058823529411,181
172544228,5,1.2971014492753623,179
215337222,5,2.918032786885246,178
181557115,6,1.831578947368421,174
50389743,6,1.4956521739130435,172
8596085,6,1.9411764705882353,165
9570857,10,5.689655172413793,165
4716727,5,2.484848484848485,164
9150947,7,2.342857142857143,164
285801267,6,3.018867924528302,160
17748381,6,2.3484848484848486,155
45988443,5,2.442622950819672,149
32086530,5,2.292307692307692,149
885323,9,4.323529411764706,147
97099737,7,2.543859649122807,145
53901455,7,2.660377358490566,141
1178396,7,2.3559322033898304,139
17308292,6,2.0757575757575757,137
248473333,13,9.133333333333333,137
646486,5,2.5283018867924527,134
321858,6,2.4444444444444446,132
23147651,8,2.5294117647058822,129
4529662,4,1.8428571428571427,129
410141,6,2.290909090909091,126
1654309,6,2.617021276595745,123
52605430,8,2.880952380952381,121
1633596,5,2.36734693877551,116
1560169,5,2.697674418604651,116
14680377,6,2.511111111111111,113
195922743,12,2.511111111111111,113
2084284,5,2.196078431372549,112
339964103,10,4.3076923076923075,112
398824186,5,2.642857142857143,111
18139132,6,2.707317073170732,111
64451114,4,2.0961538461538463,109
17948257,6,2.7948717948717947,109
84422654,12,3.689655172413793,107
39575543,6,1.9090909090909092,105
43900,6,3.0,102
5123082,6,2.4047619047619047,101
6388632,4,1.9056603773584906,101
2049267,4,2.5641025641025643,100
265775870,6,2.6944444444444446,97
97026617,6,2.526315789473684,96
382357128,8,3.76,94
186825,7,3.576923076923077,93
3547986,4,1.6140350877192982,92
193120913,6,2.967741935483871,92
116863923,5,1.6545454545454545,91
20060856,5,3.9130434782608696,90
136716374,9,5.625,90
344193232,7,4.238095238095238,89
310591326,7,2.933333333333333,88
239588666,6,2.933333333333333,88
172538249,21,3.3461538461538463,87
260782252,6,2.230769230769231,87
156149644,5,2.175,87
78951388,4,2.175,87
403284,5,2.210526315789474,84
418440,6,2.3055555555555554,83
59307,4,1.5961538461538463,83
341140620,5,3.0,81
893743,4,1.975609756097561,81
222605292,6,2.925925925925926,79
38475416,8,4.9375,79
85730553,6,2.5161290322580645,78
42855528,5,2.108108108108108,78
62129,6,3.12,78
87532786,8,4.052631578947368,77
303870143,5,3.5,77
2376548,5,2.242424242424242,74
403559000,4,1.8048780487804879,74
151148132,8,2.8076923076923075,73
210095012,6,2.607142857142857,73
127946657,6,2.7037037037037037,73
310421632,5,3.227272727272727,71
8916207,5,2.3666666666666667,71
976892,3,1.9722222222222223,71
3651363,5,2.4482758620689653,71
879485,7,3.1818181818181817,70
8703968,4,1.6666666666666667,70
43019990,6,2.5555555555555554,69
14674611,7,5.230769230769231,68
2282540,5,2.8333333333333335,68
226662463,8,2.7916666666666665,67
139255511,5,2.68,67
320393160,10,5.583333333333333,67
4297324,7,4.466666666666667,67
58959410,5,2.4444444444444446,66
17323200,5,2.75,66
327458,6,2.75,66
2765807,5,2.4615384615384617,64
281063780,5,2.3703703703703702,64
14321537,7,2.3703703703703702,64
220808136,6,2.8636363636363638,63
407799,6,1.8529411764705883,63
193815886,3,1.8235294117647058,62
290864024,5,2.772727272727273,61
206006420,8,3.588235294117647,61
150428701,2,1.1090909090909091,61
173195302,7,5.545454545454546,61
214018804,5,2.727272727272727,60
369190,7,5.0,60
58753234,6,2.230769230769231,58
158450450,7,2.6363636363636362,58
311727,3,1.5405405405405406,57
324508983,8,5.7,57
17841490,5,2.7142857142857144,57
65541814,4,2.1923076923076925,57
2567726,5,2.4782608695652173,57
242199054,4,2.9473684210526314,56
66800910,6,3.2941176470588234,56
80653744,6,3.6666666666666665,55
209302115,3,1.6666666666666667,55
227466728,6,2.25,54
95899246,5,2.347826086956522,54
11990550,5,2.7,54
197526118,7,4.909090909090909,54
240110177,4,1.625,52
1264434,5,1.9259259259259258,52
34813690,4,2.4285714285714284,51
54882977,5,3.0,51
207731224,4,2.125,51
460162,8,3.0,51
214858839,5,2.6842105263157894,51
319013479,6,3.0625,49
3128081,6,2.3333333333333335,49
292201997,5,3.2666666666666666,49
138342097,7,1.8846153846153846,49
114349945,6,2.8823529411764706,49
27210095,5,1.8461538461538463,48
1768497,6,3.2,48
35080286,5,2.2857142857142856,48
255892030,13,3.9166666666666665,47
1526960,6,3.6153846153846154,47
36518487,8,3.8333333333333335,46
193760890,44,15.333333333333334,46
160528206,4,2.5555555555555554,46
371291589,4,2.142857142857143,45
325522670,44,22.5,45
1966360,6,2.3684210526315788,45
180725764,6,3.0,45
159084627,8,3.2142857142857144,45
163757701,4,2.2,44
23138404,3,1.4193548387096775,44
235108736,15,4.0,44
29488275,3,1.8333333333333333,44
624915,5,2.4444444444444446,44
260975240,44,44.0,44
405432265,6,3.6666666666666665,44
147509971,6,2.4444444444444446,44
407844,5,2.8666666666666667,43
97230144,7,7.0,42
58280340,6,3.230769230769231,42
5129492,6,2.9285714285714284,41
7956735,5,2.5625,41
286603795,9,3.727272727272727,41
49145312,7,2.9285714285714284,41
23096189,4,2.5,40
16043157,4,2.2222222222222223,40
14370190,4,2.2222222222222223,40
18690,3,1.6666666666666667,40
6731213,6,4.0,40
2183360,2,1.1818181818181819,39
134322404,6,3.4545454545454546,38
14495210,5,2.923076923076923,38
8096456,5,2.8461538461538463,37
172395163,6,2.642857142857143,37
451758,3,1.85,37
52790794,5,2.642857142857143,37
16383537,6,4.111111111111111,37
36436074,4,1.85,37
151361466,4,2.642857142857143,37
118162053,8,6.0,36
154058044,6,2.4,36
409184583,21,6.0,36
235269191,4,2.3333333333333335,35
132579016,4,2.0588235294117645,35
231957344,4,2.3333333333333335,35
86849092,3,2.0588235294117645,35
76468092,6,2.6153846153846154,34
72912784,4,2.6153846153846154,34
398965321,4,2.0,34
221069217,15,3.7777777777777777,34
305850663,6,4.857142857142857,34
99301,2,1.5454545454545454,34
168085884,4,3.090909090909091,34
319343955,5,1.5454545454545454,34
57707367,5,2.2,33
28654359,5,2.75,33
366534688,10,2.5384615384615383,33
572439,5,3.6666666666666665,33
297603,5,1.65,33
306991165,5,2.5384615384615383,33
169366230,4,2.0,32
55087132,4,1.7777777777777777,32
34524922,3,1.3333333333333333,32
167972152,6,3.5555555555555554,32
247841036,4,2.909090909090909,32
24491494,8,8.0,32
734115,3,1.5238095238095237,32
249236034,2,1.3333333333333333,32
59934773,6,4.571428571428571,32
79570989,4,2.2857142857142856,32
130925262,6,2.2142857142857144,31
155585362,6,3.875,31
286667206,5,2.3846153846153846,31
136894558,8,2.5833333333333335,31
367463937,9,7.75,31
181115292,3,2.2142857142857144,31
55014950,4,2.8181818181818183,31
1321629,3,1.8235294117647058,31
5932908,3,2.066666666666667,31
2513213,6,3.1,31
168400082,6,3.0,30
288337352,4,2.5,30
195087049,6,4.285714285714286,30
155128508,3,1.7647058823529411,30
410964217,5,2.727272727272727,30
378364203,6,3.3333333333333335,30
176438100,5,3.3333333333333335,30
20754499,5,2.727272727272727,30
44981485,4,2.727272727272727,30
118708,4,2.5,30
4085435,2,1.4285714285714286,30
155246818,5,2.3076923076923075,30
6330722,5,2.230769230769231,29
80602731,6,4.833333333333333,29
4536193,4,3.2222222222222223,29
295917,10,3.625,29
2014391,6,2.6363636363636362,29
243526749,4,2.6363636363636362,29
282061277,6,2.6363636363636362,29
46414756,5,3.2222222222222223,29
382441553,4,2.4166666666666665,29
239575023,5,2.5454545454545454,28
310343416,5,3.111111111111111,28
319619354,6,4.666666666666667,28
70889919,3,2.8,28
151737593,4,2.3333333333333335,28
290534831,5,3.111111111111111,28
240492300,4,3.375,27
10535683,5,2.076923076923077,27
567222,10,3.857142857142857,27
475146,2,1.35,27
47158095,5,3.0,27
364848778,4,3.0,27
150995,4,1.8,27
205025515,5,3.857142857142857,27
4499316,3,2.076923076923077,27
510709,6,2.076923076923077,27
2657713,6,3.0,27
319224350,3,2.3636363636363638,26
407785,4,2.3636363636363638,26
7443075,3,1.7333333333333334,26
111311033,5,4.333333333333333,26
66677082,4,2.6,26
399223,5,2.888888888888889,26
912736,4,1.8571428571428572,26
3854440,3,1.8571428571428572,26
662742,3,2.0,26
387712140,5,5.0,25
2155619,5,2.272727272727273,25
12996781,5,2.7777777777777777,25
227600753,5,5.0,25
342801,5,2.272727272727273,25
682905,3,1.7857142857142858,25
344755507,5,5.0,25
224960392,5,4.166666666666667,25
289797882,5,2.5,25
416139211,5,2.7777777777777777,25
193897800,10,4.8,24
214645543,6,6.0,24
298563922,20,12.0,24
165545056,4,2.1818181818181817,24
254635859,5,2.1818181818181817,24
280228303,4,2.4,24
320660377,5,2.0,24
323999,10,2.6666666666666665,24
6537112,4,4.0,24
130750871,13,4.0,24
14258645,6,4.0,24
160819,4,1.6,24
103208,4,2.4,24
357806,5,2.5555555555555554,23
15545547,4,2.3,23
422649223,5,4.6,23
400910907,5,2.875,23
6744539,4,2.090909090909091,23
11571453,3,1.7692307692307692,23
3856096,3,2.090909090909091,23
164954105,3,2.5555555555555554,23
144386824,4,2.3,23
168695513,5,2.5555555555555554,23
19612528,5,2.0,22
48378951,4,2.4444444444444446,22
22112443,5,2.2,22
4854030,5,2.4444444444444446,22
228104309,3,2.4444444444444446,22
3721603,7,4.4,22
64741908,4,2.2,22
824383,3,2.0,22
1845570,2,1.5714285714285714,22
886711,3,2.2,22
163116512,4,1.8333333333333333,22
291683267,5,2.75,22
420144385,13,7.333333333333333,22
373428192,5,4.4,22
134730861,10,3.6666666666666665,22
325079043,4,2.75,22
263112827,5,3.6666666666666665,22
57437721,6,3.6666666666666665,22
192179072,6,2.625,21
109890641,5,2.625,21
324412692,3,2.1,21
3131186,4,2.625,21
2011760,3,1.5,21
393162698,5,3.5,21
3374,4,1.9090909090909092,21
359983855,5,4.2,21
152845720,6,2.1,21
2751640,4,2.625,21
220282982,6,2.0,20
308586273,5,2.5,20
430150815,5,2.0,20
316382602,5,2.5,20
247749355,4,2.5,20
206214985,4,2.5,20
302081381,5,5.0,20
151766072,2,1.1764705882352942,20
107373,8,2.0,20
182077,2,1.6666666666666667,20
32781,8,5.0,20
68505824,4,3.3333333333333335,20
21270338,8,3.3333333333333335,20
3593165,3,2.0,20
550443,4,3.3333333333333335,20
167632885,5,2.857142857142857,20
44508040,5,5.0,20
2188253,3,1.8181818181818181,20
45026123,5,2.7142857142857144,19
17011902,3,1.9,19
202310807,4,1.9,19
304159504,4,2.375,19
2518483,2,1.3571428571428572,19
754675,4,3.1666666666666665,19
845462,5,3.8,19
204963587,6,3.8,19
291814017,6,2.7142857142857144,19
398802400,3,1.5833333333333333,19
146901612,3,2.111111111111111,19
196772713,3,2.0,18
97140331,5,3.0,18
10162367,7,2.25,18
170546557,4,2.25,18
310733300,5,3.6,18
58656722,4,3.0,18
10331297,6,3.0,18
209036644,6,6.0,18
150295875,7,3.0,18
253625627,6,3.6,18
1390668,3,1.8,18
40150197,3,2.0,18
313512846,3,2.25,18
210163716,4,3.0,18
248691781,4,2.0,18
313236346,9,9.0,18
252950,5,2.5714285714285716,18
37045232,4,3.0,18
357462067,9,9.0,18
119604,6,4.5,18
395222507,3,1.8888888888888888,17
159103803,4,1.5454545454545454,17
315141781,4,1.8888888888888888,17
8678276,3,2.4285714285714284,17
218724098,4,2.4285714285714284,17
993474,3,1.8888888888888888,17
21206165,2,1.4166666666666667,17
38170390,3,1.7,17
10254428,4,2.4285714285714284,17
2590105,4,3.4,17
350286835,5,2.8333333333333335,17
174644676,4,2.4285714285714284,17
1004596,2,1.3076923076923077,17
3984617,3,1.8888888888888888,17
381237283,4,2.8333333333333335,17
207515996,3,2.125,17
210322078,5,3.4,17
5631859,4,3.4,17
152312846,5,3.4,17
90566530,4,2.4285714285714284,17
2223883,3,2.125,17
138877527,4,2.4285714285714284,17
213209095,4,2.8333333333333335,17
270880412,4,2.6666666666666665,16
299440135,5,2.6666666666666665,16
181680,4,2.6666666666666665,16
4295303,6,3.2,16
221258860,4,2.6666666666666665,16
12955475,3,2.0,16
93828818,3,2.0,16
33763465,3,2.0,16
289806996,4,4.0,16
1936658,3,1.6,16
248088279,3,2.0,16
288925506,4,2.6666666666666665,16
395001079,3,2.0,16
259779097,5,4.0,16
16581819,3,2.0,16
369669916,6,5.333333333333333,16
207597267,8,8.0,16
302972568,5,2.2857142857142856,16
1984436,8,8.0,16
20843,2,1.3333333333333333,16
937263,3,2.0,16
79689671,4,2.6666666666666665,16
281811622,5,2.0,16
151133,4,3.2,16
172332172,4,3.2,16
40266991,3,2.0,16
410623279,4,2.2857142857142856,16
58721827,5,5.0,15
171438268,4,1.875,15
207177375,2,1.6666666666666667,15
228831749,5,3.75,15
93856394,5,2.142857142857143,15
1334060,3,1.875,15
114173,2,1.6666666666666667,15
363982720,5,3.0,15
385811,5,5.0,15
143423174,3,2.142857142857143,15
1316853,5,3.75,15
277099812,5,3.0,15
266420017,5,3.0,15
202541498,5,5.0,15
59101922,5,5.0,15
114679712,4,2.5,15
142698174,5,3.75,15
36346456,3,3.0,15
45093357,2,1.875,15
33609470,3,1.875,15
262425830,3,1.875,15
71809043,3,2.0,14
369133455,4,2.3333333333333335,14
356912956,6,4.666666666666667,14
185274500,3,2.3333333333333335,14
360938111,6,4.666666666666667,14
1889828,5,4.666666666666667,14
130735295,5,3.5,14
104244745,13,7.0,14
243764508,4,2.0,14
419862339,3,1.75,14
338918735,5,2.3333333333333335,14
356775399,5,3.5,14
164211923,4,2.8,14
96348016,3,1.75,14
137758514,4,3.5,14
65308369,4,2.8,14
318464095,6,3.5,14
348692839,6,3.5,14
20064657,4,3.5,14
59148840,7,7.0,14
172477360,4,3.5,14
14582110,6,3.5,14
29613624,5,4.666666666666667,14
65245,4,3.5,14
15876060,2,1.1666666666666667,14
1901523,4,2.8,14
2831200,6,4.666666666666667,14
223203612,7,7.0,14
2572216,4,2.0,14
253267725,5,3.5,14
381655843,4,3.5,14
373631682,3,2.3333333333333335,14
177761963,4,3.25,13
395119904,3,2.6,13
206698889,5,4.333333333333333,13
127299791,4,2.6,13
258154731,3,1.8571428571428572,13
21225739,2,1.625,13
122536562,5,2.1666666666666665,13
138886097,5,3.25,13
219653604,4,3.25,13
96097304,3,2.1666666666666665,13
331935333,5,4.333333333333333,13
5282268,5,3.25,13
406112,2,1.4444444444444444,13
246044628,5,4.333333333333333,13
3860216,6,4.333333333333333,13
27472684,6,4.333333333333333,13
5593884,3,1.8571428571428572,13
392637756,3,2.6,13
319162765,5,2.6,13
315944095,10,4.333333333333333,13
11607025,5,3.0,12
359931944,6,6.0,12
133885421,3,2.4,12
224296370,4,2.0,12
419996963,6,2.4,12
235325715,6,4.0,12
172990026,4,4.0,12
9915607,4,4.0,12
377553050,4,3.0,12
7090320,3,2.4,12
2089649,4,2.4,12
250926454,3,2.4,12
5490367,1,1.0,12
1298564,5,2.4,12
67039774,5,3.0,12
11396319,5,2.4,12
359901125,6,6.0,12
138428933,2,1.5,12
6648506,3,2.0,12
65693615,4,3.0,12
311322592,3,3.0,12
433586443,4,3.0,12
5876,2,2.0,12
4409225,4,2.4,12
139146132,6,6.0,12
136137789,3,1.7142857142857142,12
220800181,4,4.0,12
316864608,3,3.0,12
20703184,4,2.4,12
436313,3,1.7142857142857142,12
43855008,4,4.0,12
1344165,2,1.7142857142857142,12
6422619,4,4.0,12
297699497,3,1.8333333333333333,11
377597093,4,2.2,11
36309898,4,2.2,11
139093594,7,5.5,11
374342737,4,1.8333333333333333,11
88023,3,2.75,11
331798330,3,1.8333333333333333,11
80219468,4,3.6666666666666665,11
246941482,3,2.2,11
3190150,2,1.5714285714285714,11
58917223,5,3.6666666666666665,11
203904551,3,1.8333333333333333,11
18365024,4,1.5714285714285714,11
124537532,4,2.2,11
1387140,5,2.75,11
143657335,4,2.2,11
20800512,3,2.2,11
46328767,2,1.8333333333333333,11
84275234,2,1.2222222222222223,11
80194941,4,3.6666666666666665,11
262454582,3,2.75,11
797746,4,2.2,11
220653083,8,3.6666666666666665,11
1958216,3,2.75,11
253797739,4,2.2,11
4610337,5,2.75,11
231371891,6,2.75,11
38561495,3,2.75,11
147736,4,2.75,11
57497,2,1.5714285714285714,11
1679964,5,3.6666666666666665,11
4494467,4,2.75,11
65963842,5,1.8333333333333333,11
419485333,6,3.6666666666666665,11
167633540,5,3.6666666666666665,11
5796323,4,2.2,11
253616834,4,3.6666666666666665,11
1312782,5,2.2,11
352498455,4,3.6666666666666665,11
4466720,4,1.8333333333333333,11
172597758,3,2.5,10
491600,5,2.0,10
264774365,3,2.0,10
64314292,4,2.5,10
15851512,6,3.3333333333333335,10
1488854,5,5.0,10
14545990,3,2.0,10
50975941,4,2.5,10
3466621,5,2.5,10
243530441,3,2.0,10
4497881,4,2.0,10
3211224,4,3.3333333333333335,10
185822870,3,2.5,10
361350971,4,3.3333333333333335,10
1201150,3,2.5,10
279871341,4,2.5,10
171564,3,2.5,10
137652195,4,3.3333333333333335,10
99138472,2,1.6666666666666667,10
154134590,3,2.5,10
300974258,2,2.0,10
141671697,5,2.5,10
477200,3,2.5,10
1169234,4,2.5,10
360580049,7,5.0,10
11493442,2,1.4285714285714286,10
391971772,3,1.25,10
212622816,7,5.0,10
332894,5,2.5,10
4865159,3,2.0,10
235379399,2,2.0,10
282423034,5,5.0,10
72984731,3,2.5,10
302164426,3,2.5,10
228154861,2,1.6666666666666667,10
42513741,2,2.0,10
89538414,3,2.0,10
345667235,5,5.0,10
905214,5,5.0,10
367665148,4,2.5,10
294230378,3,2.0,10
360037772,4,3.3333333333333335,10
5022798,5,5.0,10
271574406,5,2.5,10
237047173,3,2.5,10
327978991,4,2.0,10
274603142,3,2.0,10
164088297,3,2.25,9
348472751,5,3.0,9
89955215,2,1.5,9
20401693,1,1.0,9
3700403,4,3.0,9
25893308,3,1.5,9
377191738,3,3.0,9
151314266,2,1.8,9
9310844,3,1.8,9
322869214,4,3.0,9
205601093,3,3.0,9
370482057,3,3.0,9
589344,3,1.5,9
361146929,3,3.0,9
184946268,3,3.0,9
277038636,3,1.8,9
38616872,3,3.0,9
300169329,3,1.8,9
36601270,3,2.25,9
173416135,3,1.2857142857142858,9
281463672,3,3.0,9
29784562,2,1.8,9
257168439,5,4.5,9
145478443,3,2.25,9
310553,4,2.25,9
250265640,3,2.25,9
8400473,4,3.0,9
319177657,3,3.0,9
332205922,4,2.25,9
7154348,3,3.0,9
421598287,3,2.25,9
71710609,4,3.0,9
425392812,4,3.0,9
137592906,4,2.25,9
13282137,4,3.0,9
1384722,3,3.0,9
209106646,3,3.0,9
49621515,2,1.8,9
361038844,3,2.25,9
274477,2,1.8,9
2467351,4,1.8,9
142618345,3,3.0,9
1259324,4,3.0,9
242180525,4,4.0,8
59055658,3,2.6666666666666665,8
33817450,2,2.0,8
281675809,6,4.0,8
252408283,4,4.0,8
55386638,2,1.3333333333333333,8
4315260,4,4.0,8
251846608,4,4.0,8
75040142,4,2.6666666666666665,8
239705698,3,2.6666666666666665,8
17039255,4,2.0,8
65450163,4,2.6666666666666665,8
36184350,3,1.6,8
4507278,3,1.6,8
304892568,4,2.6666666666666665,8
276046872,2,1.3333333333333333,8
281651585,4,4.0,8
334851782,4,2.6666666666666665,8
146390752,4,4.0,8
5166088,2,2.0,8
19535723,4,4.0,8
268886390,3,2.0,8
330812977,4,4.0,8
497310,4,4.0,8
332197528,4,4.0,8
168485774,3,2.6666666666666665,8
26913481,4,4.0,8
372091,3,2.0,8
235757533,4,4.0,8
206071883,3,2.6666666666666665,8
421076752,4,2.6666666666666665,8
2782978,3,2.6666666666666665,8
411457403,4,4.0,8
27113304,4,4.0,8
298470827,3,2.6666666666666665,8
411900032,3,2.6666666666666665,8
241820841,4,4.0,8
1540889,3,1.6,8
375316061,5,4.0,8
333875514,4,4.0,8
98873328,3,2.0,8
122170712,4,4.0,8
26986204,4,4.0,8
170878530,4,4.0,8
28465928,3,2.0,8
210451031,3,1.6,8
295984189,4,2.6666666666666665,8
7503162,3,2.6666666666666665,8
152859686,2,1.3333333333333333,8
1934447,2,1.6,8
459701,3,1.6,8
1614685,3,2.6666666666666665,8
399032048,2,2.0,8
38190034,3,1.3333333333333333,8
260371662,3,2.6666666666666665,8
386564105,4,4.0,8
5479831,3,2.0,8
25758079,5,4.0,8
163155771,3,2.6666666666666665,8
24448902,6,2.6666666666666665,8
148901975,2,2.0,8
15996154,4,2.6666666666666665,8
89002183,4,4.0,8
30338072,5,4.0,8
351667084,4,3.5,7
46416576,4,2.3333333333333335,7
159499887,4,3.5,7
199684587,3,2.3333333333333335,7
310925871,4,2.3333333333333335,7
163626287,2,1.75,7
59520936,2,1.75,7
34380581,4,2.3333333333333335,7
226262730,4,2.3333333333333335,7
275615351,7,7.0,7
199380065,5,3.5,7
103638170,6,3.5,7
215994603,3,2.3333333333333335,7
16116664,2,1.4,7
315670666,4,3.5,7
218573767,3,2.3333333333333335,7
264801131,4,2.3333333333333335,7
212960032,3,1.75,7
150961998,2,1.4,7
168432203,4,1.75,7
21522474,3,2.3333333333333335,7
52711114,3,2.3333333333333335,7
949648,4,3.5,7
31055973,3,2.3333333333333335,7
183883329,4,2.3333333333333335,7
677977,5,3.5,7
34724014,5,2.3333333333333335,7
23350130,3,2.3333333333333335,7
81846540,3,1.75,7
193087437,3,2.3333333333333335,7
135168547,3,2.3333333333333335,7
341159065,3,2.3333333333333335,7
1920948,3,2.3333333333333335,7
44951871,3,2.3333333333333335,7
34812865,3,1.4,7
396422,7,7.0,7
2337455,3,2.3333333333333335,7
380354198,7,7.0,7
897134,4,1.75,7
277039838,3,2.3333333333333335,7
188818327,4,2.3333333333333335,7
23038763,4,3.5,7
130029851,4,3.5,7
536248,4,2.3333333333333335,7
18533856,2,1.75,7
7447765,2,1.75,7
59204006,3,1.75,7
222322657,3,2.3333333333333335,7
231260873,3,2.3333333333333335,7
13992955,4,3.5,7
18932,2,1.4,7
623196,3,1.4,7
65354189,3,2.3333333333333335,7
10730835,3,2.3333333333333335,7
162320719,4,2.3333333333333335,7
195130729,4,3.5,7
4349764,3,2.3333333333333335,7
1225528,4,2.3333333333333335,7
92388084,3,2.3333333333333335,7
298931328,4,2.0,6
429268512,4,3.0,6
281959659,6,6.0,6
218872508,5,3.0,6
203815354,6,6.0,6
234542556,3,3.0,6
283074051,5,3.0,6
368251574,3,3.0,6
273437969,5,3.0,6
67431194,2,1.5,6
197788015,3,2.0,6
92931533,2,2.0,6
30554584,2,2.0,6
335616979,4,2.0,6
58812671,2,1.5,6
163781157,3,3.0,6
364968887,3,2.0,6
9053684,3,2.0,6
160963096,3,3.0,6
330934912,4,3.0,6
151078856,6,6.0,6
190903221,5,3.0,6
12157618,2,2.0,6
399356982,6,6.0,6
382329822,4,3.0,6
16475813,3,2.0,6
23429562,3,3.0,6
368196965,5,3.0,6
1411496,2,1.5,6
328927671,2,1.5,6
139298702,5,3.0,6
88441585,4,3.0,6
176943040,4,3.0,6
19229510,5,3.0,6
381629764,6,6.0,6
365450938,2,2.0,6
12338709,3,2.0,6
205973913,6,6.0,6
21357208,3,2.0,6
69865608,3,3.0,6
25022946,3,3.0,6
377640088,3,3.0,6
1031952,3,3.0,6
398745181,4,3.0,6
147718045,3,3.0,6
137475194,3,3.0,6
394658159,6,6.0,6
154073109,4,3.0,6
8337104,2,2.0,6
283613,2,1.5,6
16676230,4,3.0,6
75099,5,3.0,6
139003097,6,6.0,6
202212364,5,3.0,6
151386828,5,3.0,6
352750303,3,3.0,6
92719116,6,6.0,6
381785281,3,2.0,6
4454816,2,1.5,6
1277589,3,3.0,6
225137744,3,3.0,6
155435288,2,1.5,6
135132533,3,3.0,6
134105367,3,3.0,6
150697540,2,2.0,6
234044082,3,3.0,6
3942016,2,2.0,6
105326251,6,6.0,6
493304,4,3.0,6
361832872,3,3.0,6
212988788,6,6.0,6
216297748,2,1.5,6
369523874,3,3.0,6
142253456,2,2.0,6
409509577,3,2.0,6
79855716,3,3.0,6
136200320,2,2.0,6
247654577,6,6.0,6
179562888,3,2.0,6
113881146,6,6.0,6
325944701,6,6.0,6
25740703,4,3.0,6
64608355,3,2.0,6
196867,3,2.0,6
191427399,6,6.0,6
220727281,3,2.0,6
2352661,3,2.0,6
381949546,3,3.0,6
72235534,2,2.0,6
44221598,3,2.0,6
293102404,2,1.5,6
194212232,2,2.0,6
13064270,3,3.0,6
392924621,3,3.0,6
233908751,3,3.0,6
151159409,3,3.0,6
411474346,3,3.0,6
211911972,3,2.0,6
124917369,2,2.0,6
1050678,2,2.0,6
420069754,4,2.0,6
126759222,2,2.0,6
243510529,3,3.0,6
218460576,5,5.0,5
381777159,2,1.6666666666666667,5
420831673,4,2.5,5
250744941,3,2.5,5
88667740,5,5.0,5
13001473,2,1.6666666666666667,5
34391023,3,1.6666666666666667,5
9591887,5,5.0,5
390164096,5,5.0,5
194267850,2,1.6666666666666667,5
81943589,3,2.5,5
94045825,2,1.25,5
365150870,4,2.5,5
93777928,5,5.0,5
151495095,2,1.6666666666666667,5
182169865,3,2.5,5
268502690,2,1.6666666666666667,5
118164795,2,1.6666666666666667,5
61060548,2,1.6666666666666667,5
89777592,3,1.6666666666666667,5
341209778,5,5.0,5
171674332,2,1.6666666666666667,5
105587282,2,1.6666666666666667,5
354332137,3,2.5,5
301484945,5,5.0,5
50731911,3,1.6666666666666667,5
290459,1,1.0,5
253269930,2,1.6666666666666667,5
3823936,3,2.5,5
10829423,3,2.5,5
357188721,5,5.0,5
16657370,2,1.6666666666666667,5
179650366,5,5.0,5
1268203,2,1.25,5
314087793,4,2.5,5
222763674,5,5.0,5
14472744,2,1.6666666666666667,5
19305682,5,5.0,5
143150285,1,1.0,5
106942487,2,1.25,5
357150144,5,5.0,5
319705366,2,1.6666666666666667,5
19710753,2,1.6666666666666667,5
2801586,5,5.0,5
62618835,3,2.5,5
315404575,2,1.6666666666666667,5
369740935,5,5.0,5
151723105,2,1.6666666666666667,5
18591384,3,2.5,5
243301595,5,5.0,5
3323316,2,1.6666666666666667,5
201739712,3,2.5,5
174853131,2,1.6666666666666667,5
2349534,4,2.5,5
116748157,2,1.6666666666666667,5
151929207,2,1.6666666666666667,5
66597263,5,5.0,5
204386830,2,1.6666666666666667,5
263109349,2,1.6666666666666667,5
87088954,2,1.6666666666666667,5
24555578,4,2.5,5
27971775,3,2.5,5
353987201,4,2.5,5
736948,4,2.5,5
61306,2,1.6666666666666667,5
492761,2,1.25,5
163258338,3,1.6666666666666667,5
163526781,5,5.0,5
22445937,1,1.0,5
18765692,2,1.6666666666666667,5
277046334,3,2.5,5
352454763,5,5.0,5
320046,3,2.5,5
292114774,2,1.25,5
80994264,4,2.5,5
254860463,5,5.0,5
298230059,3,2.5,5
317054203,4,4.0,4
256368031,4,4.0,4
83041098,3,2.0,4
20293033,2,1.3333333333333333,4
156759801,2,2.0,4
202275338,2,2.0,4
9814506,4,4.0,4
281889324,2,2.0,4
205815026,2,2.0,4
10265539,2,1.3333333333333333,4
4213430,2,2.0,4
153484689,2,2.0,4
428655022,4,4.0,4
128204522,2,1.3333333333333333,4
2710092,4,4.0,4
23742576,3,2.0,4
114086641,3,2.0,4
230478656,2,2.0,4
231450845,4,4.0,4
411991538,2,2.0,4
344600210,2,2.0,4
247673817,3,2.0,4
359259668,4,4.0,4
17325795,3,2.0,4
339822011,3,2.0,4
197776737,4,4.0,4
256183332,2,2.0,4
298475439,3,2.0,4
35020956,2,2.0,4
140676396,4,4.0,4
331893292,4,4.0,4
2344205,3,2.0,4
35071797,2,2.0,4
176100848,4,4.0,4
31623346,2,1.3333333333333333,4
70253904,2,2.0,4
137853968,3,2.0,4
277683933,2,2.0,4
452551,2,2.0,4
316628760,2,2.0,4
189025111,2,2.0,4
298620473,2,2.0,4
162280317,2,2.0,4
11076602,4,4.0,4
310668673,2,2.0,4
324017478,2,2.0,4
120128865,2,2.0,4
26088560,3,2.0,4
13672683,2,2.0,4
1078098,2,2.0,4
547355,2,1.3333333333333333,4
35510058,4,4.0,4
264660970,4,4.0,4
319058747,4,4.0,4
123328577,4,4.0,4
26920906,2,1.3333333333333333,4
73270482,2,2.0,4
186484647,2,1.3333333333333333,4
235750096,4,4.0,4
269150008,2,2.0,4
8367909,2,2.0,4
39152340,2,2.0,4
207788107,2,2.0,4
244175303,4,4.0,4
76554252,1,1.0,4
283276428,3,2.0,4
161551944,1,1.0,4
163308847,2,2.0,4
165166862,2,2.0,4
6171884,2,1.3333333333333333,4
6185107,2,2.0,4
245238946,4,4.0,4
324741009,3,2.0,4
343064939,3,2.0,4
8604218,4,4.0,4
349913730,4,4.0,4
425632807,3,2.0,4
21099621,2,1.3333333333333333,4
233749547,3,2.0,4
140711969,2,2.0,4
37419654,4,4.0,4
124479873,2,2.0,4
996536,2,2.0,4
51887696,2,2.0,4
164444459,4,4.0,4
361859811,2,2.0,4
250454143,4,4.0,4
214942,2,2.0,4
214428660,2,2.0,4
1210471,2,2.0,4
292124894,4,4.0,4
4897442,2,2.0,4
3591903,2,1.3333333333333333,4
379721327,4,4.0,4
213304671,4,4.0,4
278848615,2,2.0,4
21783281,2,2.0,4
290367872,2,2.0,4
5062619,2,2.0,4
2562370,4,4.0,4
206503244,4,4.0,4
138181314,3,2.0,4
56090206,2,2.0,4
2000876,3,2.0,4
63379553,2,2.0,4
383170088,2,2.0,4
172508802,4,4.0,4
320872213,2,2.0,4
266114067,4,4.0,4
293928776,2,2.0,4
213139588,4,4.0,4
379370733,3,2.0,4
184091189,3,2.0,4
334968029,4,4.0,4
21115319,2,2.0,4
419353815,4,4.0,4
193746453,2,2.0,4
205447443,4,4.0,4
155578833,4,4.0,4
1895942,2,2.0,4
65948470,2,2.0,4
5018510,4,4.0,4
193155862,4,4.0,4
367285267,2,2.0,4
497394,2,2.0,4
143369437,2,2.0,4
1827680,2,2.0,4
276911483,4,4.0,4
38737313,3,2.0,4
631499,3,2.0,4
27351476,2,2.0,4
327956264,3,2.0,4
1160438,2,1.3333333333333333,4
150505016,2,2.0,4
167046331,3,2.0,4
265160564,4,4.0,4
63854984,2,2.0,4
4369369,3,2.0,4
1256580,2,2.0,4
46815918,2,1.3333333333333333,4
494775,1,1.0,4
8168881,2,1.3333333333333333,4
338291796,4,4.0,4
182506574,3,2.0,4
257676222,2,1.3333333333333333,4
209454227,4,4.0,4
34042434,3,2.0,4
71715897,4,4.0,4
142140519,4,4.0,4
32433618,2,2.0,4
379592369,2,2.0,4
290485089,3,2.0,4
84469023,2,2.0,4
224103495,2,2.0,4
176336901,2,2.0,4
69861590,2,2.0,4
347888659,2,2.0,4
263542313,2,1.5,3
72315452,2,1.5,3
166846486,3,3.0,3
365238284,3,3.0,3
305363603,2,1.5,3
3139513,3,3.0,3
27350164,3,3.0,3
73912878,3,3.0,3
172051678,3,3.0,3
191023159,2,1.5,3
8034271,2,1.5,3
271970960,2,1.5,3
349482542,2,1.5,3
237987978,3,3.0,3
247666062,3,3.0,3
381455448,3,3.0,3
541092,3,3.0,3
151620593,2,1.5,3
38225898,3,3.0,3
155557122,1,1.0,3
218205075,2,1.5,3
133877539,2,1.5,3
57320370,2,1.5,3
58395970,3,3.0,3
17095402,2,1.5,3
394263616,3,3.0,3
320796662,3,3.0,3
159892111,2,1.5,3
205543601,1,1.0,3
314600,3,3.0,3
290326317,3,3.0,3
8016067,3,3.0,3
264865239,3,3.0,3
1712574,3,3.0,3
118123482,3,3.0,3
3405043,3,3.0,3
193472604,3,3.0,3
246153706,3,3.0,3
4429411,2,1.5,3
190920570,3,3.0,3
188780877,3,3.0,3
6232680,2,1.5,3
1153482,1,1.0,3
87507305,3,3.0,3
278796924,3,3.0,3
126433854,2,1.5,3
375566659,3,3.0,3
160257818,2,1.5,3
34199688,3,3.0,3
436704377,2,1.5,3
202959933,3,3.0,3
298024448,3,3.0,3
54625111,2,1.5,3
81521354,2,1.5,3
369649385,2,1.5,3
251339008,3,3.0,3
84702521,3,3.0,3
404366043,3,3.0,3
2239758,2,1.5,3
4606373,1,1.0,3
99721261,2,1.5,3
260447975,3,3.0,3
383478824,2,1.5,3
2063716,3,3.0,3
65090361,1,1.0,3
69923149,3,3.0,3
414678592,3,3.0,3
1197021,3,3.0,3
168383636,1,1.0,3
83579005,3,3.0,3
2972562,3,3.0,3
6939155,2,1.5,3
401517,2,1.5,3
1032433,1,1.0,3
114354318,3,3.0,3
189260261,3,3.0,3
22198118,3,3.0,3
362720925,2,1.5,3
366749085,3,3.0,3
219769,2,1.5,3
170795798,3,3.0,3
3084654,1,1.0,3
46880183,3,3.0,3
307329758,3,3.0,3
9260498,1,1.0,3
349516777,1,1.0,3
61933152,3,3.0,3
384315078,3,3.0,3
276111123,3,3.0,3
144986136,3,3.0,3
21306809,3,3.0,3
2120278,3,3.0,3
1089827,2,1.5,3
11681257,3,3.0,3
8710531,3,3.0,3
412521746,3,3.0,3
85478627,2,1.5,3
1561856,3,3.0,3
352331565,3,3.0,3
423921574,2,1.5,3
324557916,1,1.0,3
390612,3,3.0,3
8125962,2,1.5,3
12055171,2,1.5,3
13095649,2,1.5,3
52153811,3,3.0,3
290112177,3,3.0,3
218684372,3,3.0,3
38100916,3,3.0,3
54943864,1,1.0,3
142566041,3,3.0,3
335983173,3,3.0,3
231534496,3,3.0,3
321779950,3,3.0,3
2856837,3,3.0,3
672557,3,3.0,3
315232079,3,3.0,3
536016,2,1.5,3
63781192,3,3.0,3
239206079,2,1.5,3
113250495,3,3.0,3
179707442,3,3.0,3
13862541,2,1.5,3
1286182,3,3.0,3
368886924,2,1.5,3
143444044,2,1.5,3
201333765,3,3.0,3
1387906,3,3.0,3
152400646,1,1.0,3
60034011,1,1.0,3
2621569,1,1.0,3
27744106,2,1.5,3
2093635,2,1.5,3
8781232,1,1.0,3
844199,2,1.5,3
148912568,1,1.0,3
5076018,2,1.5,3
285879007,3,3.0,3
378124734,3,3.0,3
144345652,3,3.0,3
279583574,3,3.0,3
9733395,1,1.0,3
218460760,1,1.0,3
10520393,2,1.5,3
121819269,3,3.0,3
406337050,2,1.5,3
235518581,3,3.0,3
260385109,2,1.5,3
380008744,3,3.0,3
69463752,3,3.0,3
12112351,3,3.0,3
8923872,3,3.0,3
2750964,2,1.5,3
318386629,3,3.0,3
20468407,3,3.0,3
13085049,3,3.0,3
72954845,3,3.0,3
200837654,2,1.5,3
17483645,3,3.0,3
4125770,2,1.5,3
678377,2,1.5,3
320924470,3,3.0,3
187097723,3,3.0,3
265630588,2,2.0,2
416048386,2,2.0,2
218480199,2,2.0,2
109085703,1,1.0,2
308716068,2,2.0,2
4685362,2,2.0,2
263367225,2,2.0,2
331801524,2,2.0,2
277412861,1,1.0,2
1663204,2,2.0,2
155228105,2,2.0,2
274721946,1,1.0,2
178251750,1,1.0,2
292444511,2,2.0,2
8372317,1,1.0,2
80379632,2,2.0,2
18481173,1,1.0,2
164827989,2,2.0,2
224144526,2,2.0,2
415769151,2,2.0,2
55947763,2,2.0,2
202768784,2,2.0,2
165878501,2,2.0,2
160784576,2,2.0,2
362519482,1,1.0,2
289682642,2,2.0,2
51666754,1,1.0,2
6338461,2,2.0,2
254936949,1,1.0,2
419823343,2,2.0,2
2936412,1,1.0,2
9610241,2,2.0,2
9603109,2,2.0,2
235053062,2,2.0,2
337166486,2,2.0,2
23791284,2,2.0,2
217510709,2,2.0,2
29808751,1,1.0,2
174753699,2,2.0,2
334161516,2,2.0,2
146590913,1,1.0,2
386834822,2,2.0,2
167904951,2,2.0,2
156898693,2,2.0,2
133633241,1,1.0,2
4198292,2,2.0,2
149212737,2,2.0,2
56667,2,2.0,2
17278204,1,1.0,2
195842921,2,2.0,2
198668313,2,2.0,2
58963177,2,2.0,2
4766713,1,1.0,2
243431555,2,2.0,2
151045377,2,2.0,2
18634581,2,2.0,2
154162122,2,2.0,2
277185436,2,2.0,2
1053471,2,2.0,2
369997853,2,2.0,2
4700849,1,1.0,2
174240,2,2.0,2
23154841,2,2.0,2
22198648,1,1.0,2
37140986,2,2.0,2
372851659,2,2.0,2
119049836,1,1.0,2
383182589,1,1.0,2
4451999,2,2.0,2
145194781,2,2.0,2
121747702,2,2.0,2
160547,1,1.0,2
205537691,2,2.0,2
282112208,2,2.0,2
123750134,1,1.0,2
11815753,2,2.0,2
19290308,2,2.0,2
327912972,2,2.0,2
361584692,2,2.0,2
8983351,2,2.0,2
381721934,2,2.0,2
228960956,2,2.0,2
177537798,2,2.0,2
151281417,2,2.0,2
1474030,2,2.0,2
414657707,2,2.0,2
247412134,1,1.0,2
151152730,1,1.0,2
144121192,2,2.0,2
1372715,2,2.0,2
4178761,2,2.0,2
159211,1,1.0,2
35594340,2,2.0,2
168335898,1,1.0,2
6709305,2,2.0,2
138408239,1,1.0,2
20110513,2,2.0,2
532340,2,2.0,2
42619046,2,2.0,2
121539466,2,2.0,2
174042909,2,2.0,2
12612412,2,2.0,2
20637004,2,2.0,2
411507768,2,2.0,2
6042984,1,1.0,2
411305208,1,1.0,2
68987514,2,2.0,2
348538695,2,2.0,2
226826167,2,2.0,2
6302720,2,2.0,2
385771556,2,2.0,2
156515734,2,2.0,2
310588067,2,2.0,2
272966516,2,2.0,2
25174844,2,2.0,2
154791351,2,2.0,2
1951957,1,1.0,2
415723448,1,1.0,2
68056026,2,2.0,2
37246848,2,2.0,2
2016850,2,2.0,2
288192754,2,2.0,2
192915,1,1.0,2
44449258,2,2.0,2
277341424,2,2.0,2
314920241,2,2.0,2
391678074,1,1.0,2
4108257,2,2.0,2
322919499,2,2.0,2
183265828,2,2.0,2
56640844,2,2.0,2
395044881,2,2.0,2
78700332,1,1.0,2
311281105,1,1.0,2
84291766,1,1.0,2
386826964,2,2.0,2
154017885,2,2.0,2
354564221,2,2.0,2
185345796,2,2.0,2
353984435,2,2.0,2
206121381,2,2.0,2
142940529,2,2.0,2
155487410,2,2.0,2
267758751,2,2.0,2
222300371,1,1.0,2
273219057,2,2.0,2
200124749,2,2.0,2
5837327,1,1.0,2
45480565,1,1.0,2
168123741,2,2.0,2
58794559,1,1.0,2
270779469,2,2.0,2
262631707,2,2.0,2
311488440,1,1.0,2
142902738,1,1.0,2
226736712,2,2.0,2
1277699,2,2.0,2
56452750,2,2.0,2
399313161,2,2.0,2
189013667,2,2.0,2
334170804,2,2.0,2
189990466,2,2.0,2
123821814,2,2.0,2
82701837,1,1.0,2
340973408,1,1.0,2
117596878,2,2.0,2
166164167,2,2.0,2
60470911,1,1.0,2
14113971,2,2.0,2
329770290,2,2.0,2
210185926,2,2.0,2
407909580,2,2.0,2
134222331,2,2.0,2
205985111,2,2.0,2
27620131,1,1.0,2
122091481,2,2.0,2
163898931,1,1.0,2
192646364,2,2.0,2
313406589,2,2.0,2
323760294,2,2.0,2
423103317,2,2.0,2
45269546,2,2.0,2
208565327,2,2.0,2
161783235,2,2.0,2
294389249,2,2.0,2
404261059,2,2.0,2
1275769,2,2.0,2
547,2,2.0,2
148392076,1,1.0,2
164888,2,2.0,2
198955877,1,1.0,2
14141911,1,1.0,2
155101611,2,2.0,2
357007947,2,2.0,2
353029950,2,2.0,2
643932,1,1.0,2
223319262,2,2.0,2
23217844,1,1.0,2
314765636,2,2.0,2
143631923,2,2.0,2
399920558,2,2.0,2
308684156,2,2.0,2
58294921,2,2.0,2
409863896,2,2.0,2
150866756,2,2.0,2
341011540,1,1.0,2
192598398,2,2.0,2
168374604,2,2.0,2
27940546,2,2.0,2
284341161,2,2.0,2
65027855,2,2.0,2
384123426,2,2.0,2
523279,2,2.0,2
376969595,2,2.0,2
5588199,1,1.0,2
187144981,2,2.0,2
470938,1,1.0,2
180181178,2,2.0,2
151410968,2,2.0,2
5017371,1,1.0,2
2989872,2,2.0,2
373789139,2,2.0,2
6533138,1,1.0,2
140019273,1,1.0,2
289697750,2,2.0,2
338372638,2,2.0,2
343974759,2,2.0,2
268869677,1,1.0,2
381360129,2,2.0,2
3287293,2,2.0,2
318200228,2,2.0,2
26281380,2,2.0,2
351601102,2,2.0,2
2038319,1,1.0,2
348416000,2,2.0,2
251949739,2,2.0,2
35782094,2,2.0,2
4693026,2,2.0,2
174317943,2,2.0,2
58790608,2,2.0,2
137216382,2,2.0,2
177659437,2,2.0,2
399342311,2,2.0,2
205997244,2,2.0,2
105583860,2,2.0,2
137272167,2,2.0,2
33671138,1,1.0,1
210256583,1,1.0,1
159920409,1,1.0,1
224877520,1,1.0,1
156491011,1,1.0,1
252854088,1,1.0,1
411857029,1,1.0,1
7555154,1,1.0,1
70924849,1,1.0,1
319631761,1,1.0,1
404761634,1,1.0,1
276363382,1,1.0,1
231899594,1,1.0,1
323902757,1,1.0,1
88151991,1,1.0,1
2441735,1,1.0,1
241706806,1,1.0,1
702704,1,1.0,1
25247973,1,1.0,1
13774303,1,1.0,1
378130810,1,1.0,1
381465885,1,1.0,1
172917364,1,1.0,1
317725955,1,1.0,1
30230118,1,1.0,1
445733347,1,1.0,1
345809115,1,1.0,1
46482890,1,1.0,1
243819121,1,1.0,1
428175083,1,1.0,1
334479851,1,1.0,1
120173267,1,1.0,1
1396266,1,1.0,1
17155868,1,1.0,1
419768592,1,1.0,1
298919796,1,1.0,1
344941085,1,1.0,1
282848428,1,1.0,1
587059,1,1.0,1
4667412,1,1.0,1
83247200,1,1.0,1
252756318,1,1.0,1
377930342,1,1.0,1
11912079,1,1.0,1
201761255,1,1.0,1
44522804,1,1.0,1
373318026,1,1.0,1
131657120,1,1.0,1
193041531,1,1.0,1
227945009,1,1.0,1
264247454,1,1.0,1
357832317,1,1.0,1
327907482,1,1.0,1
271846528,1,1.0,1
138558217,1,1.0,1
286528934,1,1.0,1
133664522,1,1.0,1
276841335,1,1.0,1
366454107,1,1.0,1
319357901,1,1.0,1
323872111,1,1.0,1
1700483,1,1.0,1
225991085,1,1.0,1
188039152,1,1.0,1
294255121,1,1.0,1
4958781,1,1.0,1
306162,1,1.0,1
159453022,1,1.0,1
205605577,1,1.0,1
89080520,1,1.0,1
24651068,1,1.0,1
121942,1,1.0,1
251928996,1,1.0,1
210416692,1,1.0,1
365326471,1,1.0,1
61519378,1,1.0,1
1977012,1,1.0,1
244313667,1,1.0,1
10125489,1,1.0,1
303678387,1,1.0,1
404466036,1,1.0,1
386685863,1,1.0,1
1973820,1,1.0,1
415636409,1,1.0,1
28893741,1,1.0,1
228649476,1,1.0,1
585593,1,1.0,1
329129228,1,1.0,1
226027999,1,1.0,1
258127726,1,1.0,1
311022618,1,1.0,1
384745775,1,1.0,1
230710391,1,1.0,1
2262094,1,1.0,1
222346924,1,1.0,1
678528,1,1.0,1
16080200,1,1.0,1
13286317,1,1.0,1
2739845,1,1.0,1
236231835,1,1.0,1
298482977,1,1.0,1
766891,1,1.0,1
265156255,1,1.0,1
95536482,1,1.0,1
5779777,1,1.0,1
269451778,1,1.0,1
52372370,1,1.0,1
4259266,1,1.0,1
3302959,1,1.0,1
434143953,1,1.0,1
411513151,1,1.0,1
35518551,1,1.0,1
7999480,1,1.0,1
327778131,1,1.0,1
183270813,1,1.0,1
392745768,1,1.0,1
133751381,1,1.0,1
258674150,1,1.0,1
77242045,1,1.0,1
300757289,1,1.0,1
13962106,1,1.0,1
860985,1,1.0,1
404830421,1,1.0,1
152762282,1,1.0,1
1769047,1,1.0,1
160144319,1,1.0,1
7250789,1,1.0,1
327705,1,1.0,1
404806508,1,1.0,1
7679756,1,1.0,1
143220766,1,1.0,1
5843482,1,1.0,1
9704677,1,1.0,1
306221358,1,1.0,1
184751027,1,1.0,1
30173371,1,1.0,1
203012142,1,1.0,1
4867094,1,1.0,1
344473379,1,1.0,1
22309385,1,1.0,1
21597987,1,1.0,1
5755181,1,1.0,1
2134679,1,1.0,1
180519757,1,1.0,1
187156309,1,1.0,1
99444702,1,1.0,1
928751,1,1.0,1
113317186,1,1.0,1
155336812,1,1.0,1
982603,1,1.0,1
152208027,1,1.0,1
206267138,1,1.0,1
324423316,1,1.0,1
125955615,1,1.0,1
31410261,1,1.0,1
4721637,1,1.0,1
858704,1,1.0,1
407098573,1,1.0,1
31519534,1,1.0,1
76253252,1,1.0,1
298276594,1,1.0,1
9024642,1,1.0,1
1344094,1,1.0,1
5207088,1,1.0,1
365982196,1,1.0,1
206895232,1,1.0,1
336718803,1,1.0,1
100152272,1,1.0,1
87378,1,1.0,1
272828965,1,1.0,1
165160374,1,1.0,1
76978971,1,1.0,1
4764939,1,1.0,1
256435878,1,1.0,1
198501824,1,1.0,1
4828477,1,1.0,1
260876995,1,1.0,1
183261662,1,1.0,1
207218565,1,1.0,1
139133594,1,1.0,1
217893032,1,1.0,1
67661268,1,1.0,1
193154417,1,1.0,1
6653606,1,1.0,1
296230599,1,1.0,1
31338697,1,1.0,1
9862674,1,1.0,1
133948155,1,1.0,1
386768536,1,1.0,1
381752708,1,1.0,1
13718413,1,1.0,1
669170,1,1.0,1
223223470,1,1.0,1
20528,1,1.0,1
167832326,1,1.0,1
48592866,1,1.0,1
203044044,1,1.0,1
25640545,1,1.0,1
239682616,1,1.0,1
173594097,1,1.0,1
245114276,1,1.0,1
50234202,1,1.0,1
52841218,1,1.0,1
331837399,1,1.0,1
216585303,1,1.0,1
352859063,1,1.0,1
650202,1,1.0,1
44047263,1,1.0,1
170961111,1,1.0,1
378248808,1,1.0,1
136808843,1,1.0,1
189171238,1,1.0,1
3524817,1,1.0,1
140209347,1,1.0,1
141199295,1,1.0,1
109410070,1,1.0,1
375528393,1,1.0,1
42959005,1,1.0,1
336018099,1,1.0,1
346256056,1,1.0,1
132021042,1,1.0,1
331689262,1,1.0,1
218811013,1,1.0,1
160562572,1,1.0,1
75909386,1,1.0,1
49895481,1,1.0,1
182737081,1,1.0,1
331886361,1,1.0,1
235925394,1,1.0,1
219802523,1,1.0,1
73760525,1,1.0,1
54716192,1,1.0,1
7256745,1,1.0,1
1201966,1,1.0,1
14305891,1,1.0,1
166757616,1,1.0,1
231111315,1,1.0,1
306662855,1,1.0,1
15965222,1,1.0,1
255921309,1,1.0,1
400065755,1,1.0,1
175788656,1,1.0,1
91355939,1,1.0,1
235349171,1,1.0,1
4953332,1,1.0,1
57374800,1,1.0,1
1351024,1,1.0,1
231109663,1,1.0,1
264819715,1,1.0,1
1235032,1,1.0,1
135150287,1,1.0,1
373722649,1,1.0,1
155830264,1,1.0,1
154180863,1,1.0,1
124540076,1,1.0,1
176597355,1,1.0,1
12583290,1,1.0,1
50436307,1,1.0,1
389497193,1,1.0,1
210608031,1,1.0,1
909186,1,1.0,1
392362706,1,1.0,1
166690023,1,1.0,1
112794862,1,1.0,1
393206691,1,1.0,1
202716293,1,1.0,1
334217078,1,1.0,1
176940549,1,1.0,1
216444106,1,1.0,1
22317851,1,1.0,1
265643997,1,1.0,1
408509156,1,1.0,1
401690300,1,1.0,1
231057032,1,1.0,1
95544341,1,1.0,1
193697585,1,1.0,1
9623660,1,1.0,1
143957163,1,1.0,1
360533829,1,1.0,1
41412119,1,1.0,1
160280522,1,1.0,1
369775392,1,1.0,1
362066665,1,1.0,1
237446453,1,1.0,1
210749513,1,1.0,1
172696386,1,1.0,1
183825319,1,1.0,1
6238025,1,1.0,1
118936378,1,1.0,1
6487618,1,1.0,1
391485,1,1.0,1
33949523,1,1.0,1
359841065,1,1.0,1
14785311,1,1.0,1
8741031,1,1.0,1
277586110,1,1.0,1
126401513,1,1.0,1
9044371,1,1.0,1
226912817,1,1.0,1
186365199,1,1.0,1
412652076,1,1.0,1
144090384,1,1.0,1
4032648,1,1.0,1
148893417,1,1.0,1
235782713,1,1.0,1
364953425,1,1.0,1
373697157,1,1.0,1
327566852,1,1.0,1
